key,title,year,identifier,identifier_class,manuscript_citation_count,bibliographic_status,verification_basis,claim_use,last_checked,cited_and_retained
itakura1983multisignatures,A Public-Key Cryptosystem Suitable for Digital Multisignatures,1983,,complete catalog metadata; no DOI asserted,1,complete bibliographic record; no persistent identifier claimed,bibliographic and claim-level screening; cited only for the scoped statement in the manuscript,related-work support for multisignatures and aggregate signatures,2026-09-11,yes
micali2001accountable,Accountable-Subgroup Multisignatures,2001,https://doi.org/10.1145/501983.502017,DOI,1,persistent identifier and scoped bibliographic/claim screening,bibliographic and claim-level screening; cited only for the scoped statement in the manuscript,accountable signer-subset security foundation,2026-09-11,yes
boldyreva2003threshold,"Threshold Signatures, Multisignatures and Blind Signatures Based on the Gap-Diffie–Hellman-Group Signature Scheme",2003,https://doi.org/10.1007/3-540-36288-6_3,DOI,1,persistent identifier and scoped bibliographic/claim screening,bibliographic and claim-level screening; cited only for the scoped statement in the manuscript,related-work support for multisignatures and aggregate signatures,2026-09-11,yes
bellare2006plain,Multi-signatures in the Plain Public-Key Model and a General Forking Lemma,2006,https://doi.org/10.1145/1180405.1180453,DOI,1,persistent identifier and scoped bibliographic/claim screening,bibliographic and claim-level screening; cited only for the scoped statement in the manuscript,related-work support for multisignatures and aggregate signatures,2026-09-11,yes
boneh2003aggregate,Aggregate and Verifiably Encrypted Signatures from Bilinear Maps,2003,https://doi.org/10.1007/3-540-39200-9_26,DOI,1,persistent identifier and scoped bibliographic/claim screening,bibliographic and claim-level screening; cited only for the scoped statement in the manuscript,related-work support for multisignatures and aggregate signatures,2026-09-11,yes
boneh2001short,Short Signatures from the Weil Pairing,2001,https://doi.org/10.1007/3-540-45682-1_30,DOI,1,persistent identifier and scoped bibliographic/claim screening,bibliographic and claim-level screening; cited only for the scoped statement in the manuscript,related-work support for multisignatures and aggregate signatures,2026-09-11,yes
lu2006sequential,Sequential Aggregate Signatures and Multisignatures Without Random Oracles,2006,https://doi.org/10.1007/11761679_28,DOI,1,persistent identifier and scoped bibliographic/claim screening,bibliographic and claim-level screening; cited only for the scoped statement in the manuscript,related-work support for multisignatures and aggregate signatures,2026-09-11,yes
bellare2007aggregate,Unrestricted Aggregate Signatures,2007,https://doi.org/10.1007/978-3-540-73420-8_37,DOI,1,persistent identifier and scoped bibliographic/claim screening,bibliographic and claim-level screening; cited only for the scoped statement in the manuscript,related-work support for multisignatures and aggregate signatures,2026-09-11,yes
ristenpart2007pop,The Power of Proofs-of-Possession: Securing Multiparty Signatures Against Rogue-Key Attacks,2007,https://doi.org/10.1007/978-3-540-72540-4_13,DOI,1,persistent identifier and scoped bibliographic/claim screening,bibliographic and claim-level screening; cited only for the scoped statement in the manuscript,related-work support for multisignatures and aggregate signatures,2026-09-11,yes
boneh2018compact,Compact Multi-signatures for Smaller Blockchains,2018,https://doi.org/10.1007/978-3-030-03329-3_15,DOI,1,persistent identifier and scoped bibliographic/claim screening,closest-work calibration: bibliographic record plus claim-relevant abstract/introduction/theorem passages inspected where accessible; no blanket full-read claim,related-work support for multisignatures and aggregate signatures,2026-09-11,yes
drijvers2019security,On the Security of Two-Round Multi-Signatures,2019,https://doi.org/10.1109/SP.2019.00050,DOI,1,persistent identifier and scoped bibliographic/claim screening,closest-work calibration: bibliographic record plus claim-relevant abstract/introduction/theorem passages inspected where accessible; no blanket full-read claim,related-work support for multisignatures and aggregate signatures,2026-09-11,yes
maxwell2019musig,Simple Schnorr Multi-Signatures with Applications to Bitcoin,2019,https://doi.org/10.1007/s10623-019-00608-x,DOI,1,persistent identifier and scoped bibliographic/claim screening,closest-work calibration: bibliographic record plus claim-relevant abstract/introduction/theorem passages inspected where accessible; no blanket full-read claim,related-work support for multisignatures and aggregate signatures,2026-09-11,yes
nick2021musig2,MuSig2: Simple Two-Round Schnorr Multi-Signatures,2021,https://doi.org/10.1007/978-3-030-84242-0_8,DOI,1,persistent identifier and scoped bibliographic/claim screening,closest-work calibration: bibliographic record plus claim-relevant abstract/introduction/theorem passages inspected where accessible; no blanket full-read claim,related-work support for multisignatures and aggregate signatures,2026-09-11,yes
damgard2021lattice,Two-Round $n$-out-of-$n$ and Multi-signatures and Trapdoor Commitment from Lattices,2021,https://doi.org/10.1007/978-3-030-75245-3_5,DOI,1,persistent identifier and scoped bibliographic/claim screening,bibliographic and claim-level screening; cited only for the scoped statement in the manuscript,related-work support for multisignatures and aggregate signatures,2026-09-11,yes
boschini2022musigl,MuSig-L: Lattice-Based Multi-Signature with Single-Round Online Phase,2022,https://doi.org/10.1007/978-3-031-15979-4_10,DOI,1,persistent identifier and scoped bibliographic/claim screening,bibliographic and claim-level screening; cited only for the scoped statement in the manuscript,related-work support for multisignatures and aggregate signatures,2026-09-11,yes
fukumitsu2020lattice,A Lattice-Based Provably Secure Multisignature Scheme in the Quantum Random Oracle Model,2020,https://doi.org/10.1007/978-3-030-62576-4_3,DOI,1,persistent identifier and scoped bibliographic/claim screening,bibliographic and claim-level screening; cited only for the scoped statement in the manuscript,related-work support for multisignatures and aggregate signatures,2026-09-11,yes
elbansarkhani2014aggregate,Towards Lattice Based Aggregate Signatures,2014,https://doi.org/10.1007/978-3-319-06734-6_21,DOI,1,persistent identifier and scoped bibliographic/claim screening,bibliographic and claim-level screening; cited only for the scoped statement in the manuscript,related-work support for multisignatures and aggregate signatures,2026-09-11,yes
fleischhacker2023chipmunk,Chipmunk: Better Synchronized Multi-Signatures from Lattices,2023,https://doi.org/10.1145/3576915.3623219,DOI,1,persistent identifier and scoped bibliographic/claim screening,bibliographic and claim-level screening; cited only for the scoped statement in the manuscript,related-work support for multisignatures and aggregate signatures,2026-09-11,yes
baldimtsi2024subset,Subset-Optimized BLS Multi-signature with Key Aggregation,2024,https://doi.org/10.1007/978-3-031-78679-2_10,DOI,1,publisher/proceedings metadata and claim-level abstract screening,bibliographic and claim-level screening; cited only for the scoped statement in the manuscript,related-work support for multisignatures and aggregate signatures,2026-09-16,yes
boneh2025accountable,Accountable Multi-signatures with Constant Size Public Keys,2025,https://doi.org/10.1007/978-3-031-91823-0_2,DOI,3,claim-level primary-source verification,primary publisher record and readable full paper inspected for result and boundary,anchor and compact accountable-multisignature boundary,2026-09-16,yes
baum2025ordered,Universally Composable Interactive and Ordered Multi-signatures,2025,https://doi.org/10.1007/978-3-031-91823-0_1,DOI,2,publisher/proceedings metadata and claim-level abstract screening,closest-work calibration: bibliographic record plus claim-relevant abstract/introduction/theorem passages inspected where accessible; no blanket full-read claim,related-work support for multisignatures and aggregate signatures,2026-09-16,yes
haidar2025privacy,Privacy-Preserving Multi-signatures: Generic Techniques and Constructions Without Pairings,2025,https://doi.org/10.1007/978-3-031-91823-0_3,DOI,1,publisher/proceedings metadata and claim-level abstract screening,closest-work calibration: bibliographic record plus claim-relevant abstract/introduction/theorem passages inspected where accessible; no blanket full-read claim,related-work support for multisignatures and aggregate signatures,2026-09-16,yes
dalconzo2025groupaction,"A Framework for Group Action-Based Multi-signatures and Applications to LESS, MEDS, and ALTEQ",2025,https://doi.org/10.1007/978-3-031-91823-0_4,DOI,1,publisher/proceedings metadata and claim-level abstract screening,closest-work calibration: bibliographic record plus claim-relevant abstract/introduction/theorem passages inspected where accessible; no blanket full-read claim,related-work support for multisignatures and aggregate signatures,2026-09-16,yes
hohenberger2025aggregate,Pairing-Based Aggregate Signatures Without Random Oracles,2025,https://doi.org/10.1007/978-981-95-5119-4_9,DOI,1,publisher/proceedings metadata and claim-level abstract screening,bibliographic and claim-level screening; cited only for the scoped statement in the manuscript,related-work support for multisignatures and aggregate signatures,2026-09-16,yes
bacho2022threshold,On the Adaptive Security of the Threshold BLS Signature Scheme,2022,https://doi.org/10.1145/3548606.3560656,DOI,1,persistent identifier and scoped bibliographic/claim screening,bibliographic and claim-level screening; cited only for the scoped statement in the manuscript,related-work support for threshold signatures and distributed key generation,2026-09-11,yes
baird2023multiverse,Threshold Signatures in the Multiverse,2023,https://doi.org/10.1109/SP46215.2023.10179436,DOI,1,persistent identifier and scoped bibliographic/claim screening,bibliographic and claim-level screening; cited only for the scoped statement in the manuscript,related-work support for threshold signatures and distributed key generation,2026-09-11,yes
crites2023adaptive,Fully Adaptive Schnorr Threshold Signatures,2023,https://doi.org/10.1007/978-3-031-38557-5_22,DOI,1,persistent identifier and scoped bibliographic/claim screening,bibliographic and claim-level screening; cited only for the scoped statement in the manuscript,related-work support for threshold signatures and distributed key generation,2026-09-11,yes
komlo2021frost,FROST: Flexible Round-Optimized Schnorr Threshold Signatures,2021,https://doi.org/10.1007/978-3-030-81652-0_2,DOI,1,persistent identifier and scoped bibliographic/claim screening,bibliographic and claim-level screening; cited only for the scoped statement in the manuscript,related-work support for threshold signatures and distributed key generation,2026-09-11,yes
boneh2022proactive,Proactive Refresh for Accountable Threshold Signatures,2022,https://eprint.iacr.org/2022/1656,IACR ePrint stable record,1,persistent identifier and scoped bibliographic/claim screening,bibliographic and claim-level screening; cited only for the scoped statement in the manuscript,related-work support for threshold signatures and distributed key generation,2026-09-11,yes
lysyanskaya2004sequential,Sequential Aggregate Signatures from Trapdoor Permutations,2004,https://doi.org/10.1007/978-3-540-24676-3_5,DOI,1,persistent identifier and scoped bibliographic/claim screening,bibliographic and claim-level screening; cited only for the scoped statement in the manuscript,related-work support for sequential aggregate signatures,2026-09-11,yes
brogle2012lazy,Sequential Aggregate Signatures with Lazy Verification from Trapdoor Permutations,2012,https://doi.org/10.1007/978-3-642-34961-4_39,DOI,1,persistent identifier and scoped bibliographic/claim screening,bibliographic and claim-level screening; cited only for the scoped statement in the manuscript,related-work support for sequential aggregate signatures,2026-09-11,yes
fischlin2012historyfree,History-Free Sequential Aggregate Signatures,2012,https://doi.org/10.1007/978-3-642-32928-9_7,DOI,1,persistent identifier and scoped bibliographic/claim screening,bibliographic and claim-level screening; cited only for the scoped statement in the manuscript,related-work support for sequential aggregate signatures,2026-09-11,yes
gentry2018unified,A Unified Framework for Trapdoor-Permutation-Based Sequential Aggregate Signatures,2018,https://doi.org/10.1007/978-3-319-76581-5_2,DOI,1,persistent identifier and scoped bibliographic/claim screening,bibliographic and claim-level screening; cited only for the scoped statement in the manuscript,related-work support for sequential aggregate signatures,2026-09-11,yes
gennaro1999dkg,Secure Distributed Key Generation for Discrete-Log Based Cryptosystems,1999,,complete catalog metadata; no DOI asserted,1,complete bibliographic record; no persistent identifier claimed,bibliographic and claim-level screening; cited only for the scoped statement in the manuscript,related-work support for threshold signatures and distributed key generation,2026-09-11,yes
canny2004dkg,Practical Large-Scale Distributed Key Generation,2004,https://doi.org/10.1007/978-3-540-24676-3_9,DOI,1,persistent identifier and scoped bibliographic/claim screening,bibliographic and claim-level screening; cited only for the scoped statement in the manuscript,related-work support for threshold signatures and distributed key generation,2026-09-11,yes
groth2021dkg,Non-interactive Distributed Key Generation and Key Resharing,2021,https://eprint.iacr.org/2021/339,IACR ePrint stable record,1,persistent identifier and scoped bibliographic/claim screening,bibliographic and claim-level screening; cited only for the scoped statement in the manuscript,related-work support for threshold signatures and distributed key generation,2026-09-11,yes
bootle2020dynamic,Foundations of Fully Dynamic Group Signatures,2020,https://doi.org/10.1007/s00145-020-09357-w,DOI,1,persistent identifier and scoped bibliographic/claim screening,closest-work calibration: bibliographic record plus claim-relevant abstract/introduction/theorem passages inspected where accessible; no blanket full-read claim,"related-work support for dynamic membership, revocation, and key evolution",2026-09-11,yes
camenisch2002accumulator,Dynamic Accumulators and Application to Efficient Revocation of Anonymous Credentials,2002,https://doi.org/10.1007/3-540-45708-9_5,DOI,1,persistent identifier and scoped bibliographic/claim screening,closest-work calibration: bibliographic record plus claim-relevant abstract/introduction/theorem passages inspected where accessible; no blanket full-read claim,"related-work support for dynamic membership, revocation, and key evolution",2026-09-11,yes
nguyen2005accumulator,Accumulators from Bilinear Pairings and Applications,2005,https://doi.org/10.1007/978-3-540-30574-3_19,DOI,1,persistent identifier and scoped bibliographic/claim screening,bibliographic and claim-level screening; cited only for the scoped statement in the manuscript,"related-work support for dynamic membership, revocation, and key evolution",2026-09-11,yes
boneh2004vlr,Group Signatures with Verifier-Local Revocation,2004,https://doi.org/10.1145/1030083.1030106,DOI,1,persistent identifier and scoped bibliographic/claim screening,bibliographic and claim-level screening; cited only for the scoped statement in the manuscript,"related-work support for dynamic membership, revocation, and key evolution",2026-09-11,yes
bellare1999forward,A Forward-Secure Digital Signature Scheme,1999,https://doi.org/10.1007/3-540-48405-1_28,DOI,2,persistent identifier and scoped bibliographic/claim screening,adjacent-venue calibration: claim-relevant sections or primary record inspected; no complete-paper claim unless separately noted,contrast between version labels and secret-state evolution,2026-09-11,yes
itkis2001forward,Forward-Secure Signatures with Optimal Signing and Verifying,2001,https://doi.org/10.1007/3-540-44647-8_20,DOI,2,persistent identifier and scoped bibliographic/claim screening,bibliographic and claim-level screening; cited only for the scoped statement in the manuscript,contrast between version labels and secret-state evolution,2026-09-11,yes
dodis2002keyinsulated,Key-Insulated Public Key Cryptosystems,2002,https://doi.org/10.1007/3-540-46035-7_5,DOI,2,persistent identifier and scoped bibliographic/claim screening,bibliographic and claim-level screening; cited only for the scoped statement in the manuscript,contrast between version labels and secret-state evolution,2026-09-11,yes
lamport1978time,"Time, Clocks, and the Ordering of Events in a Distributed System",1978,https://doi.org/10.1145/359545.359563,DOI,1,persistent identifier and scoped bibliographic/claim screening,influential-foundation calibration: canonical statement and bibliographic record checked; article not represented as newly reproduced,causal order and consistent-cut foundation,2026-09-11,yes
chandy1985snapshots,Distributed Snapshots: Determining Global States of Distributed Systems,1985,https://doi.org/10.1145/214451.214456,DOI,1,persistent identifier and scoped bibliographic/claim screening,influential-foundation calibration: canonical statement and bibliographic record checked; article not represented as newly reproduced,causal order and consistent-cut foundation,2026-09-11,yes
fidge1988timestamps,Timestamps in Message-Passing Systems That Preserve the Partial Ordering,1988,,complete catalog metadata; no DOI asserted,1,complete bibliographic record; no persistent identifier claimed,bibliographic and claim-level screening; cited only for the scoped statement in the manuscript,"related-work support for causality, consistent cuts, and replicated state",2026-09-11,yes
mattern1989virtual,Virtual Time and Global States of Distributed Systems,1989,,complete catalog metadata; no DOI asserted,1,complete bibliographic record; no persistent identifier claimed,bibliographic and claim-level screening; cited only for the scoped statement in the manuscript,"related-work support for causality, consistent cuts, and replicated state",2026-09-11,yes
shapiro2011crdt,Conflict-Free Replicated Data Types,2011,https://doi.org/10.1007/978-3-642-24550-3_29,DOI,1,persistent identifier and scoped bibliographic/claim screening,adjacent-venue calibration: claim-relevant sections or primary record inspected; no complete-paper claim unless separately noted,"related-work support for causality, consistent cuts, and replicated state",2026-09-11,yes
haber1991timestamp,How to Time-Stamp a Digital Document,1991,https://doi.org/10.1007/BF00196791,DOI,1,persistent identifier and scoped bibliographic/claim screening,influential-foundation calibration: canonical statement and bibliographic record checked; article not represented as newly reproduced,authenticated-history/transparency comparison,2026-09-11,yes
maniatis2002timeline,Secure History Preservation Through Timeline Entanglement,2002,https://www.usenix.org/conference/11th-usenix-security-symposium/secure-history-preservation-through-timeline-entanglement,USENIX first-party proceedings record,1,persistent identifier and scoped bibliographic/claim screening,bibliographic and claim-level screening; cited only for the scoped statement in the manuscript,authenticated-history/transparency comparison,2026-09-16,yes
crosby2009logging,Efficient Data Structures for Tamper-Evident Logging,2009,https://www.usenix.org/conference/usenix-09/efficient-data-structures-tamper-evident-logging,USENIX first-party proceedings record,1,persistent identifier and scoped bibliographic/claim screening,adjacent-venue calibration: claim-relevant sections or primary record inspected; no complete-paper claim unless separately noted,authenticated-history/transparency comparison,2026-09-16,yes
melara2015coniks,CONIKS: Bringing Key Transparency to End Users,2015,https://www.usenix.org/conference/usenixsecurity15/technical-sessions/presentation/melara,USENIX first-party proceedings record,1,persistent identifier and scoped bibliographic/claim screening,adjacent-venue calibration: claim-relevant sections or primary record inspected; no complete-paper claim unless separately noted,authenticated-history/transparency comparison,2026-09-16,yes
laurie2013ct,Certificate Transparency,2013,https://doi.org/10.17487/RFC6962,DOI,1,persistent identifier and scoped bibliographic/claim screening,bibliographic and claim-level screening; cited only for the scoped statement in the manuscript,authenticated-history/transparency comparison,2026-09-11,yes
goodrich2008outsourced,Super-Efficient Verification of Dynamic Outsourced Databases,2008,https://doi.org/10.1007/978-3-540-79263-5_26,DOI,1,persistent identifier and scoped bibliographic/claim screening,bibliographic and claim-level screening; cited only for the scoped statement in the manuscript,related-work support for authenticated histories and transparency,2026-09-11,yes
merkle1990certified,A Certified Digital Signature,1990,https://doi.org/10.1007/0-387-34805-0_21,DOI,1,persistent identifier and scoped bibliographic/claim screening,bibliographic and claim-level screening; cited only for the scoped statement in the manuscript,related-work support for authenticated histories and transparency,2026-09-11,yes
birkhoff1937rings,Rings of Sets,1937,https://doi.org/10.1215/S0012-7094-37-00334-X,DOI,1,persistent identifier and scoped bibliographic/claim screening,bibliographic and claim-level screening; cited only for the scoped statement in the manuscript,"related-work support for order theory, closure optimization, and complexity",2026-09-11,yes
picard1976closure,Maximal Closure of a Graph and Applications to Combinatorial Problems,1976,https://doi.org/10.1287/mnsc.22.11.1268,DOI,3,persistent identifier and scoped bibliographic/claim screening,influential-foundation calibration: canonical statement and bibliographic record checked; article not represented as newly reproduced,classical maximum-closure baseline for chain selection,2026-09-11,yes
karp1972reducibility,Reducibility Among Combinatorial Problems,1972,https://doi.org/10.1007/978-1-4684-2001-2_9,DOI,3,persistent identifier and scoped bibliographic/claim screening,bibliographic and claim-level screening; cited only for the scoped statement in the manuscript,classical NP-completeness source for the fork reduction,2026-09-11,yes
garg1995predicate,Distributed Algorithms for Detecting Conjunctive Predicates,1995,https://doi.org/10.1109/ICDCS.1995.500047,DOI,1,persistent identifier and scoped bibliographic/claim screening,bibliographic and claim-level screening; cited only for the scoped statement in the manuscript,"related-work support for causality, consistent cuts, and replicated state",2026-09-11,yes
davey2002lattices,Introduction to Lattices and Order,2002,https://doi.org/10.1017/CBO9780511809088,DOI,1,persistent identifier and scoped bibliographic/claim screening,bibliographic and claim-level screening; cited only for the scoped statement in the manuscript,"related-work support for order theory, closure optimization, and complexity",2026-09-16,yes
canetti2001uc,Universally Composable Security: A New Paradigm for Cryptographic Protocols,2001,https://doi.org/10.1109/SFCS.2001.959888,DOI,1,persistent identifier and scoped bibliographic/claim screening,influential-foundation calibration: canonical statement and bibliographic record checked; article not represented as newly reproduced,related-work support for cryptographic security foundations,2026-09-11,yes
lehmann2024adhoc,Multi-Signatures for Ad-Hoc and Privacy-Preserving Group Signing,2024,https://doi.org/10.1007/978-3-031-57718-5_7,DOI,1,publisher/proceedings metadata and claim-level abstract screening,closest-work calibration: bibliographic record plus claim-relevant abstract/introduction/theorem passages inspected where accessible; no blanket full-read claim,related-work support for multisignatures and aggregate signatures,2026-09-16,yes
kojima2024tight,A New Pairing-Based Two-Round Tightly-Secure Multi-Signature Scheme with Key Aggregation,2024,https://doi.org/10.1587/transfun.2023CIP0022,DOI,1,publisher/proceedings metadata and claim-level abstract screening,bibliographic and claim-level screening; cited only for the scoped statement in the manuscript,related-work support for multisignatures and aggregate signatures,2026-09-16,yes
jiang2025compact,Key-and-Signature Compact Multi-Signatures for Blockchain: A Compiler with Realizations,2025,https://doi.org/10.1109/TDSC.2024.3410695,DOI,1,publisher/proceedings metadata and claim-level abstract screening,closest-work calibration: bibliographic record plus claim-relevant abstract/introduction/theorem passages inspected where accessible; no blanket full-read claim,related-work support for multisignatures and aggregate signatures,2026-09-16,yes
david2018praos,"Ouroboros Praos: An Adaptively-Secure, Semi-synchronous Proof-of-Stake Blockchain",2018,https://doi.org/10.1007/978-3-319-78375-8_3,DOI,1,persistent identifier and scoped bibliographic/claim screening,bibliographic and claim-level screening; cited only for the scoped statement in the manuscript,related-work support for asynchronous and Byzantine systems,2026-09-11,yes
gilad2017algorand,Algorand: Scaling Byzantine Agreements for Cryptocurrencies,2017,https://doi.org/10.1145/3132747.3132757,DOI,1,persistent identifier and scoped bibliographic/claim screening,bibliographic and claim-level screening; cited only for the scoped statement in the manuscript,related-work support for asynchronous and Byzantine systems,2026-09-11,yes
almeida2008itc,Interval Tree Clocks: A Logical Clock for Dynamic Systems,2008,https://doi.org/10.1007/978-3-540-92221-6_18,DOI,1,persistent identifier and scoped bibliographic/claim screening,adjacent-venue calibration: claim-relevant sections or primary record inspected; no complete-paper claim unless separately noted,"related-work support for causality, consistent cuts, and replicated state",2026-09-11,yes
baquero2017pure,Pure Operation-Based Replicated Data Types,2017,https://doi.org/10.48550/arXiv.1710.04469,DOI,1,persistent identifier and scoped bibliographic/claim screening,bibliographic and claim-level screening; cited only for the scoped statement in the manuscript,"related-work support for causality, consistent cuts, and replicated state",2026-09-16,yes
cachin2001secure,Secure and Efficient Asynchronous Broadcast Protocols,2001,https://doi.org/10.1007/3-540-44647-8_31,DOI,1,persistent identifier and scoped bibliographic/claim screening,bibliographic and claim-level screening; cited only for the scoped statement in the manuscript,related-work support for asynchronous and Byzantine systems,2026-09-11,yes
cachin2000constantinople,Random Oracles in Constantinople: Practical Asynchronous Byzantine Agreement Using Cryptography,2000,https://doi.org/10.1145/343477.343531,DOI,1,persistent identifier and scoped bibliographic/claim screening,bibliographic and claim-level screening; cited only for the scoped statement in the manuscript,related-work support for asynchronous and Byzantine systems,2026-09-11,yes
reiter1996secure,Distributing Trust with the Rampart Toolkit,1996,https://doi.org/10.1145/227210.227228,DOI,1,persistent identifier and scoped bibliographic/claim screening,bibliographic and claim-level screening; cited only for the scoped statement in the manuscript,related-work support for asynchronous and Byzantine systems,2026-09-11,yes
bayer1993timestamp,Improving the Efficiency and Reliability of Digital Time-Stamping,1993,https://doi.org/10.1007/978-1-4613-9323-8_24,DOI,1,persistent identifier and scoped bibliographic/claim screening,bibliographic and claim-level screening; cited only for the scoped statement in the manuscript,related-work support for authenticated histories and transparency,2026-09-16,yes
chase2006knowledge,On Signatures of Knowledge,2006,https://doi.org/10.1007/11818175_5,DOI,1,persistent identifier and scoped bibliographic/claim screening,bibliographic and claim-level screening; cited only for the scoped statement in the manuscript,related-work support for cryptographic security foundations,2026-09-11,yes
dolev1982byzantine,The Byzantine Generals Strike Again,1982,https://doi.org/10.1016/0196-6774(82)90004-9,DOI,1,persistent identifier and scoped bibliographic/claim screening,bibliographic and claim-level screening; cited only for the scoped statement in the manuscript,related-work support for asynchronous and Byzantine systems,2026-09-11,yes
fischer1985consensus,Impossibility of Distributed Consensus with One Faulty Process,1985,https://doi.org/10.1145/3149.214121,DOI,1,persistent identifier and scoped bibliographic/claim screening,bibliographic and claim-level screening; cited only for the scoped statement in the manuscript,related-work support for asynchronous and Byzantine systems,2026-09-11,yes
goldwasser1988digital,A Digital Signature Scheme Secure Against Adaptive Chosen-Message Attacks,1988,https://doi.org/10.1137/0217017,DOI,2,claim-level primary-source verification,canonical definition/result and bibliographic record checked for the chosen-message premise,delegation-signature chosen-message security foundation,2026-09-16,yes
wang2026traceable,Traceable Multi-signature Scheme with Distributed Combiners and Lightweight Setup for Accountable Blockchain Transactions,2026,https://doi.org/10.1007/978-981-95-9284-5_17,DOI,1,publisher/proceedings metadata and claim-level abstract screening,Springer proceedings metadata and claim-relevant abstract-level description checked; no complete-paper read claim,recent neighboring traceability/distributed-combiner construction,2026-09-16,yes
lacharite2018multiuser,Security of BLS and BGLS Signatures in a Multi-User Setting,2018,https://doi.org/10.1007/s12095-017-0253-6,DOI,2,claim-level primary-source verification,"full open-access article inspected for the multi-user game, type-III syntax, and key-prefixed reductions",proof source for the BGLS-KP malicious-co-key multi-user aggregate-unforgeability theorem,2026-09-16,yes
boneh2026blsdraft,BLS Signatures,2026,https://datatracker.ietf.org/doc/draft-irtf-cfrg-bls-signature/,IETF first-party draft record,2,claim-level primary-source verification,current first-party Internet-Draft inspected for validation syntax only; not used as a proof source,current validation and public-key message-augmentation guidance only; not a proof source,2026-09-16,yes
bernstein2012ed25519,High-Speed High-Security Signatures,2012,https://doi.org/10.1007/s13389-012-0027-1,DOI,2,claim-level primary-source verification,publisher record and claim-relevant primitive/security description inspected; no performance inference,"primitive source for the executable Ed25519 checkpoint, delegation, and session-signature profile",2026-09-16,yes
