claim_id,claim,theorem_or_section,proof_or_checker,source_or_test,figure_table_or_context,raw_result,maturity,fresh_recheck
M1,Visible same-owner writes have a unique current event exactly when they all lie below one visible event,Lemma 4.1; lem:maximum,proofs/analysis.tex,Written finite-poset proof,Current-state predicate,Written proof in article,Proved in the stated finite-poset/quarantine model,"2026-09-16 proof, label, and standalone-source recheck"
M2,All bounded cuts authorizing one exact profile are absent or form the explicit endpoint interval,Theorem 4.2; thm:window,proofs/analysis.tex,Written necessity-and-sufficiency proof,Figure 1 and Section 4,Written proof in article,Proved; archived finite outputs are non-evidentiary,"2026-09-16 proof, label, and standalone-source recheck"
M3,Universal authorization is equivalent to the authorization endpoints equaling the query bounds,Corollary 4.3; cor:universal,proofs/analysis.tex,Written interval argument,Temporal-mode semantics,Written proof in article,Proved; archived comparisons are non-evidentiary,"2026-09-16 proof, label, and standalone-source recheck"
M4,Every infeasible profile has an infeasible one- or two-entry subprofile,Proposition 4.4; prop:helly,proofs/analysis.tex,Written interval-intersection proof,Two-profile obstruction discussion,Written proof in article,Proved in the stated model; no priority claim,"2026-09-16 proof, label, and standalone-source recheck"
M5,View refinement obeys the stated monotonicity laws,Proposition 4.5; prop:viewlaws,proofs/analysis.tex,Written endpoint proof,Section 4 refinement laws,Written proof in article,Proved in the stated model,"2026-09-16 proof, label, and standalone-source recheck"
M6,Profile infeasibility has a selected-write obstruction and a causal dependency path,Proposition 4.6; prop:path-witness,proofs/analysis.tex,Written path-extraction argument,Section 4 witness format,Written proof in article,Proved; witness validation may traverse a long path,"2026-09-16 proof, label, and standalone-source recheck"
S1,"HIST, FRESH, and ROBUST form a strict hierarchy of temporal claims",Proposition 5.4; prop:modes,proofs/analysis.tex,Constructed separating histories,Table 1,Written proof and examples,Proved; freshness remains relative to the admitted upper view,"2026-09-16 proof, label, and standalone-source recheck"
C1,"An accepted session-separated certificate satisfies its encoded causal-roster predicate and exact application context, including the explicit protocol-domain tag",Theorem 6.1; thm:semantic-soundness,proofs/analysis.tex,Section 5 syntax; tests/test_core.py; tests/test_boundaries.py,Certificate syntax and verifier,"The pair (pp,tau) reconstructs history, delegation, and base payloads with tag in eta_H, chi, and tau",Proved relative to history soundness and canonical parsing; tests are not general proof,"2026-09-25 proof, encoding, and test recheck"
C2,"Session-separated exact-message attribution reduces to history soundness, context binding, delegation EUF-CMA, and one-session base accountability",Theorem 6.2; thm:composition,proofs/analysis.tex,Written unconditioned event-partition/reduction argument,Equation security-bound,Written proof in article,Conditional bound with explicit online q_s table guess; no conditional-probability shortcut,2026-10-06 proof and source recheck
C3,"The executable Ed25519 profile realizes checkpoint, delegation, and linear exact-message components under one shared encoding and key-admission boundary",Theorem 6.3; thm:ed25519-reference,proofs/analysis.tex; src/reference_profile.py,src/reference_profile.py; src/wire_profile.py; src/ed25519_points.py; tests/test_reference_profile.py; tests/test_boundaries.py,Executable profile and mutation suite,47 interface checks; issuer/object/CLI boundary checks; deterministic public fixture,Conditional bound; q_D counts all created independent candidate keys including later exposures,2026-10-06 proof and source recheck
C4,The executable reference wrapper has the stated q_D and q_s*k_max advantage losses,Corollary 6.4; cor:ed25519-composition,proofs/analysis.tex,Substitution of Theorem 6.3 into Theorem 6.2,Reference-profile bound,Written proof in article,"Conditional on full created-key q_D bound; linear vector, not aggregate",2026-10-06 proof and source recheck
C5,Key-prefixed BGLS realizes the one-session exact-attribution interface,Theorem 6.5; thm:bgls-base,proofs/analysis.tex,Reduction to BGLS-KP MU-A-EUF-CMA; Lacharite 2018,Equations bgls-message and bgls-verify,Written proof in article,Conditionally proved in the random-oracle/multi-user model; proof-level construction only,2026-09-16 artifact/source recheck
C6,The session-separated BGLS wrapper has the stated q_s*k_max advantage loss,Corollary 6.6; cor:bgls-composition,proofs/analysis.tex,Substitution of Theorem 6.5 into Theorem 6.2,Concrete BGLS wrapper bound,Written proof in article,Conditionally proved; no-exposure variant deletes k_max,2026-09-16 artifact/source recheck
C7,Direct reuse of a long-term base key across registration tables needs a stronger joint multi-instance theorem,Proposition 6.7; prop:direct-key,proofs/analysis.tex,Reduction-simulation argument,Direct-key baseline,Written proof in article,"Proved as an interface separation, not a universal impossibility theorem",2026-09-16 artifact/source recheck
C8,FRESH and ROBUST reject a selected version displaced in the authenticated upper view,Theorem 6.8; thm:stale,proofs/analysis.tex,Endpoint and unique-maximum arguments,Temporal-mode table,Written proof in article,Proved view-relative stale rejection; not global freshness,2026-09-16 artifact/source recheck
C9,Persistent public parameters can be roster-size independent while the certificate retains linear per-signer components,Theorem 6.9; thm:keysize,proofs/analysis.tex,Interface size accounting,Size/trust accounting table,Written proof in article,Conditionally proved; no constant total-certificate claim,2026-09-16 artifact/source recheck
I1,The executable profile binds each ephemeral public key to both identity and exact version event in a canonical triple,Section 5; Section 6.3,src/session.py; src/reference_profile.py,test_session_table_binds_version_event; test_ephemeral_table_binds_identity_event_and_key,V3 session/delegation/base payloads,Positive and mutation tests pass,Finite source-integrity property of the packaged implementation,2026-09-16 artifact/source recheck
I2,"The executable profile validates every active Ed25519 event key as a canonical nonidentity prime-order point and rejects aliases, duplicate ephemeral keys, non-ASCII identifiers, and surrogate-containing object strings",Section 6.3,src/reference_profile.py; verify_reference.py,src/reference_profile.py; src/ed25519_points.py; src/wire_profile.py; tests/test_boundaries.py; tests/test_reference_profile.py,Reference-profile validation boundary,"Unselected ff*32, identity, small-order, alias, and serialization-boundary tests reject",Finite implementation validation; not a production-security or side-channel claim,2026-09-25 source and test recheck
O1,Chain-history active weight telescopes into per-event closure weights,Lemma 7.1; lem:telescope,proofs/analysis.tex,Written algebraic proof,Selection objective derivation,Written proof in article,Proved; archived diagnostics are non-evidentiary,"2026-09-16 proof, label, and standalone-source recheck"
O2,Weighted selection in per-identity chains is exactly classical maximum closure,Theorem 7.2; thm:closure,proofs/analysis.tex,Written reduction to classical maximum closure,Classical Picard baseline; Section 7,Written proof in article,Proved specialization of a classical algorithm; no new algorithm claim,"2026-09-16 proof, label, and standalone-source recheck"
O3,General roster selection equals maximum-weight independent set in the version-conflict graph,Proposition 7.3; prop:graph,proofs/analysis.tex,Written bijection proof,Section 7 conflict graph,Written proof in article,Proved reformulation,"2026-09-16 proof, label, and standalone-source recheck"
O4,Fork-aware roster selection is NP-complete for unit weights and height-three histories,Theorem 7.4; thm:hardness,proofs/analysis.tex,Written polynomial reduction,Section 7 reduction,Written proof in article,Proved by reduction; archived finite cases are non-evidentiary,"2026-09-16 proof, label, and standalone-source recheck"
B1,Cached-view acceptance cannot guarantee observer-independent rejection of an undisclosed revocation,Theorem 7.5; thm:hidden,proofs/analysis.tex,Indistinguishability argument,Cached-view premise in Section 7,Written proof in article,Proved under the explicit no-new-authority-evidence premise,"2026-09-16 proof, label, and standalone-source recheck"
B2,Authenticated declared parents do not certify every event a dishonest signer physically observed,Theorem 7.6; thm:omission,proofs/analysis.tex,Indistinguishability argument,Declared-versus-physical observation boundary,Written proof in article,Proved in the incomplete-observation model,"2026-09-16 proof, label, and standalone-source recheck"
D1,The archived selector defect and its sorted-identity repair remain preserved,Section 8,data/selection-counterexample.json; data/selection-differences.json,Archived provenance files,Selector provenance,Difference records retained,Non-evidentiary provenance fact,2026-09-16 artifact/source recheck
D2,"The archived source corpus contains 2,000 profile queries, 150 chain cases, and 15 graph cases",Section 8,data/cases.jsonl,Static line/kind audit only,Corpus inventory,"2,165 retained records",Descriptive source fact only; campaign results are non-evidentiary,2026-09-16 artifact/source recheck
D3,The current repository contains 50 test methods and a deterministic canonical Ed25519 fixture,Section 8,tests; examples; generate_reference_example.py,tests; examples; generate_reference_example.py,Delivery-integrity suite,47 interface methods and 3 scientific-source synchronization regressions,Source-integrity scope only; no theorem or primitive proof,2026-10-06 source and local test recheck
D4,"The original controller charged 835,446 obligations against a 600,000 cumulative ceiling",Section 8,results/campaign-status.json; results/historical-control-incident.json,Static record audit,Permanent campaign warning,835446 > 600000,Verified provenance fact; terminal noncompliance,2026-09-16 artifact/source recheck
D5,"A later two-run ledger reserved 462,942 and counted 374,068 finer obligations",Section 8,results/campaign-status.json; results/campaign-ledger.json,Static record audit,Post-breach archive,462942 reserved; 374068 counted,Verified provenance fact; cannot restore compliance,2026-09-16 artifact/source recheck
D6,"A 2026-09-15 audit execution reserved 231,471 and counted 187,034 finer obligations before the reset error was corrected",Section 8,results/campaign-status.json,Static record audit,Post-breach archive,231471 reserved; 187034 counted,Verified provenance fact; non-evidentiary,2026-09-16 artifact/source recheck
D7,"The exact pre-V3 two-column session helper underlying the 12 archived mutation labels is absent, and the packaged runner refuses before generation, reservation, or enumeration",Section 8,results/HISTORICAL-SOURCE-LIMITATION.md; reproduce.py,tests/test_boundaries.py,Archived-source provenance boundary,Runner exits 2 with the missing-dependency disclosure and starts no campaign work,Verified source limitation; archived controls remain non-evidentiary,2026-09-25 source and test recheck
L1,"The retained bibliography has 80 unique titles, no duplicate persistent identifier, and every entry is cited at least once",Related work; references,bibliography_audit.csv; literature.csv,Static citation/key/identifier reconciliation,Bibliography audit,80 rows; all cited; 94 citation occurrences in source,Bibliographic integrity audit; reading depth is disclosed per source,2026-09-16 artifact/source recheck
A1,"The repository statically audits its fixture, ledgers, bibliography, boundaries, legacy-source disclosure, and campaign warning; a complete tree also checks scientific manuscript synchronization",Artifact README,audit_artifact.py; tests/test_manuscript_sync.py,audit_artifact.py,Artifact integrity,Absent sibling manuscript is explicitly unavailable rather than agreement,Delivery-integrity claim only; no historical campaign rerun,2026-10-06 source and local test recheck
