name,url,license_or_redistribution_boundary,access_date,resource_type,acquisition_method,integration_mode,supported_claim,internals_modified
A Public-Key Cryptosystem Suitable for Digital Multisignatures,,"Publisher/archive terms; no paper text, code, or publisher asset redistributed",2026-09-11,scholarly publication,Primary bibliographic record and claim-level literature screening,citation and comparison only,related-work support for multisignatures and aggregate signatures,No
Accountable-Subgroup Multisignatures,https://doi.org/10.1145/501983.502017,"Publisher/archive terms; no paper text, code, or publisher asset redistributed",2026-09-11,scholarly publication,Primary bibliographic record and claim-level literature screening,citation and comparison only,accountable signer-subset security foundation,No
"Threshold Signatures, Multisignatures and Blind Signatures Based on the Gap-Diffie–Hellman-Group Signature Scheme",https://doi.org/10.1007/3-540-36288-6_3,"Publisher/archive terms; no paper text, code, or publisher asset redistributed",2026-09-11,scholarly publication,Primary bibliographic record and claim-level literature screening,citation and comparison only,related-work support for multisignatures and aggregate signatures,No
Multi-signatures in the Plain Public-Key Model and a General Forking Lemma,https://doi.org/10.1145/1180405.1180453,"Publisher/archive terms; no paper text, code, or publisher asset redistributed",2026-09-11,scholarly publication,Primary bibliographic record and claim-level literature screening,citation and comparison only,related-work support for multisignatures and aggregate signatures,No
Aggregate and Verifiably Encrypted Signatures from Bilinear Maps,https://doi.org/10.1007/3-540-39200-9_26,"Publisher/archive terms; no paper text, code, or publisher asset redistributed",2026-09-11,scholarly publication,Primary bibliographic record and claim-level literature screening,citation and comparison only,related-work support for multisignatures and aggregate signatures,No
Short Signatures from the Weil Pairing,https://doi.org/10.1007/3-540-45682-1_30,"Publisher/archive terms; no paper text, code, or publisher asset redistributed",2026-09-11,scholarly publication,Primary bibliographic record and claim-level literature screening,citation and comparison only,related-work support for multisignatures and aggregate signatures,No
Sequential Aggregate Signatures and Multisignatures Without Random Oracles,https://doi.org/10.1007/11761679_28,"Publisher/archive terms; no paper text, code, or publisher asset redistributed",2026-09-11,scholarly publication,Primary bibliographic record and claim-level literature screening,citation and comparison only,related-work support for multisignatures and aggregate signatures,No
Unrestricted Aggregate Signatures,https://doi.org/10.1007/978-3-540-73420-8_37,"Publisher/archive terms; no paper text, code, or publisher asset redistributed",2026-09-11,scholarly publication,Primary bibliographic record and claim-level literature screening,citation and comparison only,related-work support for multisignatures and aggregate signatures,No
The Power of Proofs-of-Possession: Securing Multiparty Signatures Against Rogue-Key Attacks,https://doi.org/10.1007/978-3-540-72540-4_13,"Publisher/archive terms; no paper text, code, or publisher asset redistributed",2026-09-11,scholarly publication,Primary bibliographic record and claim-level literature screening,citation and comparison only,related-work support for multisignatures and aggregate signatures,No
Compact Multi-signatures for Smaller Blockchains,https://doi.org/10.1007/978-3-030-03329-3_15,"Publisher/archive terms; no paper text, code, or publisher asset redistributed",2026-09-11,scholarly publication,Primary bibliographic record and claim-level literature screening,citation and comparison only,related-work support for multisignatures and aggregate signatures,No
On the Security of Two-Round Multi-Signatures,https://doi.org/10.1109/SP.2019.00050,"Publisher/archive terms; no paper text, code, or publisher asset redistributed",2026-09-11,scholarly publication,Primary bibliographic record and claim-level literature screening,citation and comparison only,related-work support for multisignatures and aggregate signatures,No
Simple Schnorr Multi-Signatures with Applications to Bitcoin,https://doi.org/10.1007/s10623-019-00608-x,"Publisher/archive terms; no paper text, code, or publisher asset redistributed",2026-09-11,scholarly publication,Primary bibliographic record and claim-level literature screening,citation and comparison only,related-work support for multisignatures and aggregate signatures,No
MuSig2: Simple Two-Round Schnorr Multi-Signatures,https://doi.org/10.1007/978-3-030-84242-0_8,"Publisher/archive terms; no paper text, code, or publisher asset redistributed",2026-09-11,scholarly publication,Primary bibliographic record and claim-level literature screening,citation and comparison only,related-work support for multisignatures and aggregate signatures,No
Two-Round $n$-out-of-$n$ and Multi-signatures and Trapdoor Commitment from Lattices,https://doi.org/10.1007/978-3-030-75245-3_5,"Publisher/archive terms; no paper text, code, or publisher asset redistributed",2026-09-11,scholarly publication,Primary bibliographic record and claim-level literature screening,citation and comparison only,related-work support for multisignatures and aggregate signatures,No
MuSig-L: Lattice-Based Multi-Signature with Single-Round Online Phase,https://doi.org/10.1007/978-3-031-15979-4_10,"Publisher/archive terms; no paper text, code, or publisher asset redistributed",2026-09-11,scholarly publication,Primary bibliographic record and claim-level literature screening,citation and comparison only,related-work support for multisignatures and aggregate signatures,No
A Lattice-Based Provably Secure Multisignature Scheme in the Quantum Random Oracle Model,https://doi.org/10.1007/978-3-030-62576-4_3,"Publisher/archive terms; no paper text, code, or publisher asset redistributed",2026-09-11,scholarly publication,Primary bibliographic record and claim-level literature screening,citation and comparison only,related-work support for multisignatures and aggregate signatures,No
Towards Lattice Based Aggregate Signatures,https://doi.org/10.1007/978-3-319-06734-6_21,"Publisher/archive terms; no paper text, code, or publisher asset redistributed",2026-09-11,scholarly publication,Primary bibliographic record and claim-level literature screening,citation and comparison only,related-work support for multisignatures and aggregate signatures,No
Chipmunk: Better Synchronized Multi-Signatures from Lattices,https://doi.org/10.1145/3576915.3623219,"Publisher/archive terms; no paper text, code, or publisher asset redistributed",2026-09-11,scholarly publication,Primary bibliographic record and claim-level literature screening,citation and comparison only,related-work support for multisignatures and aggregate signatures,No
Subset-Optimized BLS Multi-signature with Key Aggregation,https://doi.org/10.1007/978-3-031-78679-2_10,"Publisher/archive terms; no paper text, code, or publisher asset redistributed",2026-09-11,scholarly publication,Primary bibliographic record and claim-level literature screening,citation and comparison only,related-work support for multisignatures and aggregate signatures,No
Accountable Multi-signatures with Constant Size Public Keys,https://doi.org/10.1007/978-3-031-91823-0_2,"Publisher/archive terms; no paper text, code, or publisher asset redistributed",2026-09-16,scholarly publication,Primary Springer record and readable full-text boundary check,citation and comparison only,anchor result and compact-registry boundary; no theorem-level mapping asserted,No
Universally Composable Interactive and Ordered Multi-signatures,https://doi.org/10.1007/978-3-031-91823-0_1,"Publisher/archive terms; no paper text, code, or publisher asset redistributed",2026-09-11,scholarly publication,Primary bibliographic record and claim-level literature screening,citation and comparison only,related-work support for multisignatures and aggregate signatures,No
Privacy-Preserving Multi-signatures: Generic Techniques and Constructions Without Pairings,https://doi.org/10.1007/978-3-031-91823-0_3,"Publisher/archive terms; no paper text, code, or publisher asset redistributed",2026-09-11,scholarly publication,Primary bibliographic record and claim-level literature screening,citation and comparison only,related-work support for multisignatures and aggregate signatures,No
"A Framework for Group Action-Based Multi-signatures and Applications to LESS, MEDS, and ALTEQ",https://doi.org/10.1007/978-3-031-91823-0_4,"Publisher/archive terms; no paper text, code, or publisher asset redistributed",2026-09-11,scholarly publication,Primary bibliographic record and claim-level literature screening,citation and comparison only,related-work support for multisignatures and aggregate signatures,No
Pairing-Based Aggregate Signatures Without Random Oracles,https://doi.org/10.1007/978-981-95-5119-4_9,"Publisher/archive terms; no paper text, code, or publisher asset redistributed",2026-09-11,scholarly publication,Primary bibliographic record and claim-level literature screening,citation and comparison only,related-work support for multisignatures and aggregate signatures,No
On the Adaptive Security of the Threshold BLS Signature Scheme,https://doi.org/10.1145/3548606.3560656,"Publisher/archive terms; no paper text, code, or publisher asset redistributed",2026-09-11,scholarly publication,Primary bibliographic record and claim-level literature screening,citation and comparison only,related-work support for threshold signatures and distributed key generation,No
Threshold Signatures in the Multiverse,https://doi.org/10.1109/SP46215.2023.10179436,"Publisher/archive terms; no paper text, code, or publisher asset redistributed",2026-09-11,scholarly publication,Primary bibliographic record and claim-level literature screening,citation and comparison only,related-work support for threshold signatures and distributed key generation,No
Fully Adaptive Schnorr Threshold Signatures,https://doi.org/10.1007/978-3-031-38557-5_22,"Publisher/archive terms; no paper text, code, or publisher asset redistributed",2026-09-11,scholarly publication,Primary bibliographic record and claim-level literature screening,citation and comparison only,related-work support for threshold signatures and distributed key generation,No
FROST: Flexible Round-Optimized Schnorr Threshold Signatures,https://doi.org/10.1007/978-3-030-81652-0_2,"Publisher/archive terms; no paper text, code, or publisher asset redistributed",2026-09-11,scholarly publication,Primary bibliographic record and claim-level literature screening,citation and comparison only,related-work support for threshold signatures and distributed key generation,No
Proactive Refresh for Accountable Threshold Signatures,https://eprint.iacr.org/2022/1656,"Publisher/archive terms; no paper text, code, or publisher asset redistributed",2026-09-11,scholarly publication,Primary bibliographic record and claim-level literature screening,citation and comparison only,related-work support for threshold signatures and distributed key generation,No
Sequential Aggregate Signatures from Trapdoor Permutations,https://doi.org/10.1007/978-3-540-24676-3_5,"Publisher/archive terms; no paper text, code, or publisher asset redistributed",2026-09-11,scholarly publication,Primary bibliographic record and claim-level literature screening,citation and comparison only,related-work support for sequential aggregate signatures,No
Sequential Aggregate Signatures with Lazy Verification from Trapdoor Permutations,https://doi.org/10.1007/978-3-642-34961-4_39,"Publisher/archive terms; no paper text, code, or publisher asset redistributed",2026-09-11,scholarly publication,Primary bibliographic record and claim-level literature screening,citation and comparison only,related-work support for sequential aggregate signatures,No
History-Free Sequential Aggregate Signatures,https://doi.org/10.1007/978-3-642-32928-9_7,"Publisher/archive terms; no paper text, code, or publisher asset redistributed",2026-09-11,scholarly publication,Primary bibliographic record and claim-level literature screening,citation and comparison only,related-work support for sequential aggregate signatures,No
A Unified Framework for Trapdoor-Permutation-Based Sequential Aggregate Signatures,https://doi.org/10.1007/978-3-319-76581-5_2,"Publisher/archive terms; no paper text, code, or publisher asset redistributed",2026-09-11,scholarly publication,Primary bibliographic record and claim-level literature screening,citation and comparison only,related-work support for sequential aggregate signatures,No
Secure Distributed Key Generation for Discrete-Log Based Cryptosystems,,"Publisher/archive terms; no paper text, code, or publisher asset redistributed",2026-09-11,scholarly publication,Primary bibliographic record and claim-level literature screening,citation and comparison only,related-work support for threshold signatures and distributed key generation,No
Practical Large-Scale Distributed Key Generation,https://doi.org/10.1007/978-3-540-24676-3_9,"Publisher/archive terms; no paper text, code, or publisher asset redistributed",2026-09-11,scholarly publication,Primary bibliographic record and claim-level literature screening,citation and comparison only,related-work support for threshold signatures and distributed key generation,No
Non-interactive Distributed Key Generation and Key Resharing,https://eprint.iacr.org/2021/339,"Publisher/archive terms; no paper text, code, or publisher asset redistributed",2026-09-11,scholarly publication,Primary bibliographic record and claim-level literature screening,citation and comparison only,related-work support for threshold signatures and distributed key generation,No
Foundations of Fully Dynamic Group Signatures,https://doi.org/10.1007/s00145-020-09357-w,"Publisher/archive terms; no paper text, code, or publisher asset redistributed",2026-09-11,scholarly publication,Primary bibliographic record and claim-level literature screening,citation and comparison only,"related-work support for dynamic membership, revocation, and key evolution",No
Dynamic Accumulators and Application to Efficient Revocation of Anonymous Credentials,https://doi.org/10.1007/3-540-45708-9_5,"Publisher/archive terms; no paper text, code, or publisher asset redistributed",2026-09-11,scholarly publication,Primary bibliographic record and claim-level literature screening,citation and comparison only,"related-work support for dynamic membership, revocation, and key evolution",No
Accumulators from Bilinear Pairings and Applications,https://doi.org/10.1007/978-3-540-30574-3_19,"Publisher/archive terms; no paper text, code, or publisher asset redistributed",2026-09-11,scholarly publication,Primary bibliographic record and claim-level literature screening,citation and comparison only,"related-work support for dynamic membership, revocation, and key evolution",No
Group Signatures with Verifier-Local Revocation,https://doi.org/10.1145/1030083.1030106,"Publisher/archive terms; no paper text, code, or publisher asset redistributed",2026-09-11,scholarly publication,Primary bibliographic record and claim-level literature screening,citation and comparison only,"related-work support for dynamic membership, revocation, and key evolution",No
A Forward-Secure Digital Signature Scheme,https://doi.org/10.1007/3-540-48405-1_28,"Publisher/archive terms; no paper text, code, or publisher asset redistributed",2026-09-11,scholarly publication,Primary bibliographic record and claim-level literature screening,citation and comparison only,contrast between version labels and secret-state evolution,No
Forward-Secure Signatures with Optimal Signing and Verifying,https://doi.org/10.1007/3-540-44647-8_20,"Publisher/archive terms; no paper text, code, or publisher asset redistributed",2026-09-11,scholarly publication,Primary bibliographic record and claim-level literature screening,citation and comparison only,contrast between version labels and secret-state evolution,No
Key-Insulated Public Key Cryptosystems,https://doi.org/10.1007/3-540-46035-7_5,"Publisher/archive terms; no paper text, code, or publisher asset redistributed",2026-09-11,scholarly publication,Primary bibliographic record and claim-level literature screening,citation and comparison only,contrast between version labels and secret-state evolution,No
"Time, Clocks, and the Ordering of Events in a Distributed System",https://doi.org/10.1145/359545.359563,"Publisher/archive terms; no paper text, code, or publisher asset redistributed",2026-09-11,scholarly publication,Primary bibliographic record and claim-level literature screening,citation and comparison only,causal order and consistent-cut foundation,No
Distributed Snapshots: Determining Global States of Distributed Systems,https://doi.org/10.1145/214451.214456,"Publisher/archive terms; no paper text, code, or publisher asset redistributed",2026-09-11,scholarly publication,Primary bibliographic record and claim-level literature screening,citation and comparison only,causal order and consistent-cut foundation,No
Timestamps in Message-Passing Systems That Preserve the Partial Ordering,,"Publisher/archive terms; no paper text, code, or publisher asset redistributed",2026-09-11,scholarly publication,Primary bibliographic record and claim-level literature screening,citation and comparison only,"related-work support for causality, consistent cuts, and replicated state",No
Virtual Time and Global States of Distributed Systems,,"Publisher/archive terms; no paper text, code, or publisher asset redistributed",2026-09-11,scholarly publication,Primary bibliographic record and claim-level literature screening,citation and comparison only,"related-work support for causality, consistent cuts, and replicated state",No
Conflict-Free Replicated Data Types,https://doi.org/10.1007/978-3-642-24550-3_29,"Publisher/archive terms; no paper text, code, or publisher asset redistributed",2026-09-11,scholarly publication,Primary bibliographic record and claim-level literature screening,citation and comparison only,"related-work support for causality, consistent cuts, and replicated state",No
How to Time-Stamp a Digital Document,https://doi.org/10.1007/BF00196791,"Publisher/archive terms; no paper text, code, or publisher asset redistributed",2026-09-11,scholarly publication,Primary bibliographic record and claim-level literature screening,citation and comparison only,authenticated-history/transparency comparison,No
Secure History Preservation Through Timeline Entanglement,https://www.usenix.org/conference/11th-usenix-security-symposium/secure-history-preservation-through-timeline-entanglement,"Publisher/archive terms; no paper text, code, or publisher asset redistributed",2026-09-11,scholarly publication,Primary bibliographic record and claim-level literature screening,citation and comparison only,authenticated-history/transparency comparison,No
Efficient Data Structures for Tamper-Evident Logging,https://www.usenix.org/conference/usenix-09/efficient-data-structures-tamper-evident-logging,"Publisher/archive terms; no paper text, code, or publisher asset redistributed",2026-09-11,scholarly publication,Primary bibliographic record and claim-level literature screening,citation and comparison only,authenticated-history/transparency comparison,No
CONIKS: Bringing Key Transparency to End Users,https://www.usenix.org/conference/usenixsecurity15/technical-sessions/presentation/melara,"Publisher/archive terms; no paper text, code, or publisher asset redistributed",2026-09-11,scholarly publication,Primary bibliographic record and claim-level literature screening,citation and comparison only,authenticated-history/transparency comparison,No
Certificate Transparency,https://doi.org/10.17487/RFC6962,"Publisher/archive terms; no paper text, code, or publisher asset redistributed",2026-09-11,scholarly publication,Primary bibliographic record and claim-level literature screening,citation and comparison only,authenticated-history/transparency comparison,No
Super-Efficient Verification of Dynamic Outsourced Databases,https://doi.org/10.1007/978-3-540-79263-5_26,"Publisher/archive terms; no paper text, code, or publisher asset redistributed",2026-09-11,scholarly publication,Primary bibliographic record and claim-level literature screening,citation and comparison only,related-work support for authenticated histories and transparency,No
A Certified Digital Signature,https://doi.org/10.1007/0-387-34805-0_21,"Publisher/archive terms; no paper text, code, or publisher asset redistributed",2026-09-11,scholarly publication,Primary bibliographic record and claim-level literature screening,citation and comparison only,related-work support for authenticated histories and transparency,No
Rings of Sets,https://doi.org/10.1215/S0012-7094-37-00334-X,"Publisher/archive terms; no paper text, code, or publisher asset redistributed",2026-09-11,scholarly publication,Primary bibliographic record and claim-level literature screening,citation and comparison only,"related-work support for order theory, closure optimization, and complexity",No
Maximal Closure of a Graph and Applications to Combinatorial Problems,https://doi.org/10.1287/mnsc.22.11.1268,"Publisher/archive terms; no paper text, code, or publisher asset redistributed",2026-09-11,scholarly publication,Primary bibliographic record and claim-level literature screening,citation and comparison only,classical maximum-closure baseline for chain selection,No
Reducibility Among Combinatorial Problems,https://doi.org/10.1007/978-1-4684-2001-2_9,"Publisher/archive terms; no paper text, code, or publisher asset redistributed",2026-09-11,scholarly publication,Primary bibliographic record and claim-level literature screening,citation and comparison only,classical NP-completeness source for the fork reduction,No
Distributed Algorithms for Detecting Conjunctive Predicates,https://doi.org/10.1109/ICDCS.1995.500047,"Publisher/archive terms; no paper text, code, or publisher asset redistributed",2026-09-11,scholarly publication,Primary bibliographic record and claim-level literature screening,citation and comparison only,"related-work support for causality, consistent cuts, and replicated state",No
Introduction to Lattices and Order,https://doi.org/10.1017/CBO9780511809088,"Publisher/archive terms; no paper text, code, or publisher asset redistributed",2026-09-11,scholarly publication,Primary bibliographic record and claim-level literature screening,citation and comparison only,"related-work support for order theory, closure optimization, and complexity",No
Universally Composable Security: A New Paradigm for Cryptographic Protocols,https://doi.org/10.1109/SFCS.2001.959888,"Publisher/archive terms; no paper text, code, or publisher asset redistributed",2026-09-11,scholarly publication,Primary bibliographic record and claim-level literature screening,citation and comparison only,related-work support for cryptographic security foundations,No
Multi-Signatures for Ad-Hoc and Privacy-Preserving Group Signing,https://doi.org/10.1007/978-3-031-57718-5_7,"Publisher/archive terms; no paper text, code, or publisher asset redistributed",2026-09-11,scholarly publication,Primary bibliographic record and claim-level literature screening,citation and comparison only,related-work support for multisignatures and aggregate signatures,No
A New Pairing-Based Two-Round Tightly-Secure Multi-Signature Scheme with Key Aggregation,https://doi.org/10.1587/transfun.2023CIP0022,"Publisher/archive terms; no paper text, code, or publisher asset redistributed",2026-09-11,scholarly publication,Primary bibliographic record and claim-level literature screening,citation and comparison only,related-work support for multisignatures and aggregate signatures,No
Key-and-Signature Compact Multi-Signatures for Blockchain: A Compiler with Realizations,https://doi.org/10.1109/TDSC.2024.3410695,"Publisher/archive terms; no paper text, code, or publisher asset redistributed",2026-09-11,scholarly publication,Primary bibliographic record and claim-level literature screening,citation and comparison only,related-work support for multisignatures and aggregate signatures,No
"Ouroboros Praos: An Adaptively-Secure, Semi-synchronous Proof-of-Stake Blockchain",https://doi.org/10.1007/978-3-319-78375-8_3,"Publisher/archive terms; no paper text, code, or publisher asset redistributed",2026-09-11,scholarly publication,Primary bibliographic record and claim-level literature screening,citation and comparison only,related-work support for asynchronous and Byzantine systems,No
Algorand: Scaling Byzantine Agreements for Cryptocurrencies,https://doi.org/10.1145/3132747.3132757,"Publisher/archive terms; no paper text, code, or publisher asset redistributed",2026-09-11,scholarly publication,Primary bibliographic record and claim-level literature screening,citation and comparison only,related-work support for asynchronous and Byzantine systems,No
Interval Tree Clocks: A Logical Clock for Dynamic Systems,https://doi.org/10.1007/978-3-540-92221-6_18,"Publisher/archive terms; no paper text, code, or publisher asset redistributed",2026-09-11,scholarly publication,Primary bibliographic record and claim-level literature screening,citation and comparison only,"related-work support for causality, consistent cuts, and replicated state",No
Pure Operation-Based Replicated Data Types,https://doi.org/10.48550/arXiv.1710.04469,"Publisher/archive terms; no paper text, code, or publisher asset redistributed",2026-09-11,scholarly publication,Primary bibliographic record and claim-level literature screening,citation and comparison only,"related-work support for causality, consistent cuts, and replicated state",No
Secure and Efficient Asynchronous Broadcast Protocols,https://doi.org/10.1007/3-540-44647-8_31,"Publisher/archive terms; no paper text, code, or publisher asset redistributed",2026-09-11,scholarly publication,Primary bibliographic record and claim-level literature screening,citation and comparison only,related-work support for asynchronous and Byzantine systems,No
Random Oracles in Constantinople: Practical Asynchronous Byzantine Agreement Using Cryptography,https://doi.org/10.1145/343477.343531,"Publisher/archive terms; no paper text, code, or publisher asset redistributed",2026-09-11,scholarly publication,Primary bibliographic record and claim-level literature screening,citation and comparison only,related-work support for asynchronous and Byzantine systems,No
Distributing Trust with the Rampart Toolkit,https://doi.org/10.1145/227210.227244,"Publisher/archive terms; no paper text, code, or publisher asset redistributed",2026-09-11,scholarly publication,Primary bibliographic record and claim-level literature screening,citation and comparison only,related-work support for asynchronous and Byzantine systems,No
Improving the Efficiency and Reliability of Digital Time-Stamping,https://doi.org/10.1007/978-1-4613-9323-8_24,"Publisher/archive terms; no paper text, code, or publisher asset redistributed",2026-09-11,scholarly publication,Primary bibliographic record and claim-level literature screening,citation and comparison only,related-work support for authenticated histories and transparency,No
On Signatures of Knowledge,https://doi.org/10.1007/11818175_5,"Publisher/archive terms; no paper text, code, or publisher asset redistributed",2026-09-11,scholarly publication,Primary bibliographic record and claim-level literature screening,citation and comparison only,related-work support for cryptographic security foundations,No
The Byzantine Generals Strike Again,https://doi.org/10.1016/0196-6774(82)90004-9,"Publisher/archive terms; no paper text, code, or publisher asset redistributed",2026-09-11,scholarly publication,Primary bibliographic record and claim-level literature screening,citation and comparison only,related-work support for asynchronous and Byzantine systems,No
Impossibility of Distributed Consensus with One Faulty Process,https://doi.org/10.1145/3149.214121,"Publisher/archive terms; no paper text, code, or publisher asset redistributed",2026-09-11,scholarly publication,Primary bibliographic record and claim-level literature screening,citation and comparison only,related-work support for asynchronous and Byzantine systems,No
Journal of Cryptology submission guidelines,https://link.springer.com/journal/145/submission-guidelines,Publisher website terms; no site asset redistributed,2026-09-16,official author guide,First-party rule check,workflow evidence only; not a manuscript reference,"Current initial-manuscript, abstract, keyword, and submission-format guidance recorded in project state",No
User-supplied neutral LaTeX carrier,,User-supplied asset; no separate license statement in carrier,2026-09-11,template input,Matched uploaded ZIP inspected structurally,Article carrier adapted; publisher class/style not modified,11-point single-column carrier with one-inch margins,No external scientific internals modified
A Digital Signature Scheme Secure Against Adaptive Chosen-Message Attacks,https://doi.org/10.1137/0217017,Publisher/archive terms; no paper text or publisher asset redistributed,2026-09-12,scholarly publication,Primary bibliographic record and claim-level screening,citation and security-definition context only,adaptive chosen-message security is the standard delegation-signature premise,No
Traceable Multi-signature Scheme with Distributed Combiners and Lightweight Setup for Accountable Blockchain Transactions,https://doi.org/10.1007/978-981-95-9284-5_17,"Publisher/archive terms; no paper text, code, or publisher asset redistributed",2026-09-12,scholarly publication,Springer proceedings metadata and abstract-level screening,citation and comparison only,recent neighboring traceable multisignature and distributed-combiner functionality,No
Security of BLS and BGLS Signatures in a Multi-User Setting,https://doi.org/10.1007/s12095-017-0253-6,Open-access article; no article text or publisher asset redistributed,2026-09-16,scholarly publication,Full open-access article inspection,"citation, construction syntax, and theorem mapping only",BGLS-KP multi-user aggregate-unforgeability with malicious co-keys and type-III public-key syntax,No
BLS Signatures (draft-irtf-cfrg-bls-signature-07),https://datatracker.ietf.org/doc/draft-irtf-cfrg-bls-signature/,IETF Trust terms; no draft text or implementation redistributed,2026-09-16,official Internet-Draft,First-party draft inspection,implementation-oriented validation and domain-separation guidance only,current KeyValidate and public-key message-augmentation practice; not a security-proof source,No
High-Speed High-Security Signatures,https://doi.org/10.1007/s13389-012-0027-1,Publisher terms; no article text or publisher asset redistributed,2026-09-16,scholarly publication,Publisher bibliographic record and claim-relevant construction/security inspection,citation and primitive selection only,named Ed25519 primitive used by the executable linear reference profile; no performance claim,No
Python cryptography Ed25519 API,https://cryptography.io/en/latest/hazmat/primitives/asymmetric/ed25519/,Apache-2.0 or BSD-3-Clause upstream package; dependency not redistributed in this archive,2026-09-16,software library documentation,Installed package public API and first-party documentation,unmodified public Ed25519 key/sign/verify and raw-serialization API,the reference verifier performs actual Ed25519 signing and public-key verification rather than symbolic equality,No
